<?xml version = '1.0' encoding = 'UTF-8'?>
<Relation class="oracle.dbtools.crest.model.design.logical.Relation" name="Relation_21" directorySegmentName="seg_0" id="48C7A118-CCD4-0DEA-A0C5-DA1339BA94DD">
<createdBy>pedro</createdBy>
<createdTime>2019-12-04 16:46:27 UTC</createdTime>
<ownerDesignName>DiagramaPlataformaAS</ownerDesignName>
<engineerTo>
<item key="FE8032CD-CD5F-FBCB-53A3-EF0B80E05F8B" value="true"/>
</engineerTo>
<sourcePk>69C45662-D23D-AED9-00FF-075327AD54AE</sourcePk>
<identifying>true</identifying>
<nameOnSource>Sobre</nameOnSource>
<optionalSource>true</optionalSource>
<optionalTarget>false</optionalTarget>
<sourceCardinality>1</sourceCardinality>
<sourceEntity>780C613F-4107-0FF9-D74A-5B0E15F2046F</sourceEntity>
<targetCardinalityString>*</targetCardinalityString>
<targetEntity>758678A8-A206-ADCF-A456-6D51ADEF1E9E</targetEntity>
<transferable>true</transferable>
<deleteRule>NO ACTION</deleteRule>
</Relation>