<?xml version = '1.0' encoding = 'UTF-8'?>
<Relation class="oracle.dbtools.crest.model.design.logical.Relation" name="Relation_20" directorySegmentName="seg_0" id="48D6B3D6-FA85-3FA9-CF22-F24CCC5F36F5">
<createdBy>pedro</createdBy>
<createdTime>2019-12-04 16:42:16 UTC</createdTime>
<ownerDesignName>DiagramaPlataformaAS</ownerDesignName>
<engineerTo>
<item key="FE8032CD-CD5F-FBCB-53A3-EF0B80E05F8B" value="true"/>
</engineerTo>
<sourcePk>00192ADB-BB0F-B3A2-BF08-ECB270067690</sourcePk>
<identifying>true</identifying>
<nameOnSource>Se basa</nameOnSource>
<optionalSource>true</optionalSource>
<optionalTarget>false</optionalTarget>
<sourceCardinality>1</sourceCardinality>
<sourceEntity>0D51F2EA-EEB2-CAF3-A979-8357B1B277BA</sourceEntity>
<targetCardinalityString>*</targetCardinalityString>
<targetEntity>758678A8-A206-ADCF-A456-6D51ADEF1E9E</targetEntity>
<transferable>true</transferable>
<deleteRule>NO ACTION</deleteRule>
</Relation>