<?xml version = '1.0' encoding = 'UTF-8'?>
<Relation class="oracle.dbtools.crest.model.design.logical.Relation" name="Relation_24" directorySegmentName="seg_0" id="5857F599-E3E0-7FA6-B54B-1842137C66A5">
<createdBy>pedro</createdBy>
<createdTime>2019-12-04 16:57:20 UTC</createdTime>
<ownerDesignName>DiagramaPlataformaAS</ownerDesignName>
<engineerTo>
<item key="FE8032CD-CD5F-FBCB-53A3-EF0B80E05F8B" value="true"/>
</engineerTo>
<sourcePk>69C45662-D23D-AED9-00FF-075327AD54AE</sourcePk>
<identifying>true</identifying>
<nameOnSource>Envian/Reciben </nameOnSource>
<optionalSource>true</optionalSource>
<optionalTarget>false</optionalTarget>
<sourceCardinality>1</sourceCardinality>
<sourceEntity>780C613F-4107-0FF9-D74A-5B0E15F2046F</sourceEntity>
<targetCardinalityString>*</targetCardinalityString>
<targetEntity>820BD604-EB28-BB8C-0799-E9EFE3589713</targetEntity>
<transferable>true</transferable>
<deleteRule>NO ACTION</deleteRule>
</Relation>