<?xml version = '1.0' encoding = 'UTF-8'?>
<Relation class="oracle.dbtools.crest.model.design.logical.Relation" name="Relation_6" directorySegmentName="seg_0" id="5B6D6778-6DE3-AE1C-B279-A14A91DEAFA4">
<createdBy>Antonio</createdBy>
<createdTime>2019-11-03 10:01:29 UTC</createdTime>
<ownerDesignName>DiagramaPlataformaAS</ownerDesignName>
<engineerTo>
<item key="FE8032CD-CD5F-FBCB-53A3-EF0B80E05F8B" value="true"/>
</engineerTo>
<identifying>false</identifying>
<nameOnSource>Proponen</nameOnSource>
<nameOnTarget>Propuesta por</nameOnTarget>
<optionalSource>false</optionalSource>
<optionalTarget>true</optionalTarget>
<sourceCardinality>*</sourceCardinality>
<sourceEntity>7DA69FA1-6597-7C2A-0062-D482861A66AF</sourceEntity>
<targetCardinalityString>*</targetCardinalityString>
<targetEntity>0D51F2EA-EEB2-CAF3-A979-8357B1B277BA</targetEntity>
<transferable>true</transferable>
<deleteRule>NO ACTION</deleteRule>
</Relation>
