<?xml version = '1.0' encoding = 'UTF-8'?>
<Relation class="oracle.dbtools.crest.model.design.logical.Relation" name="Relation_25" directorySegmentName="seg_0" id="6CF0BF1D-0DFE-F44E-C608-D7FD9D74B392">
<createdBy>pedro</createdBy>
<createdTime>2019-12-04 16:57:41 UTC</createdTime>
<ownerDesignName>DiagramaPlataformaAS</ownerDesignName>
<engineerTo>
<item key="FE8032CD-CD5F-FBCB-53A3-EF0B80E05F8B" value="true"/>
</engineerTo>
<sourcePk>9E242BF6-9214-823D-9A59-2747C5A0240E</sourcePk>
<identifying>true</identifying>
<nameOnSource>Envian/Reciben</nameOnSource>
<optionalSource>true</optionalSource>
<optionalTarget>false</optionalTarget>
<sourceCardinality>1</sourceCardinality>
<sourceEntity>2DC5F142-DF95-A0F2-4543-0D44D8F683AF</sourceEntity>
<targetCardinalityString>*</targetCardinalityString>
<targetEntity>820BD604-EB28-BB8C-0799-E9EFE3589713</targetEntity>
<transferable>true</transferable>
<deleteRule>NO ACTION</deleteRule>
</Relation>