<?xml version = '1.0' encoding = 'UTF-8'?>
<Relation class="oracle.dbtools.crest.model.design.logical.Relation" name="Relation_19" directorySegmentName="seg_0" id="79A7B30F-4080-2562-2732-6A79147B69F7">
<createdBy>pedro</createdBy>
<createdTime>2019-12-04 16:41:53 UTC</createdTime>
<ownerDesignName>DiagramaPlataformaAS</ownerDesignName>
<engineerTo>
<item key="FE8032CD-CD5F-FBCB-53A3-EF0B80E05F8B" value="true"/>
</engineerTo>
<sourcePk>9E242BF6-9214-823D-9A59-2747C5A0240E</sourcePk>
<identifying>true</identifying>
<nameOnSource>Envian</nameOnSource>
<optionalSource>true</optionalSource>
<optionalTarget>false</optionalTarget>
<sourceCardinality>1</sourceCardinality>
<sourceEntity>2DC5F142-DF95-A0F2-4543-0D44D8F683AF</sourceEntity>
<targetCardinalityString>*</targetCardinalityString>
<targetEntity>758678A8-A206-ADCF-A456-6D51ADEF1E9E</targetEntity>
<transferable>true</transferable>
<deleteRule>NO ACTION</deleteRule>
</Relation>