<?xml version = '1.0' encoding = 'UTF-8'?>
<Relation class="oracle.dbtools.crest.model.design.logical.Relation" name="Relation_5" directorySegmentName="seg_0" id="8B734B97-2E90-4F05-8C32-A54BC90D14B4">
<createdBy>Antonio</createdBy>
<createdTime>2019-11-03 10:00:22 UTC</createdTime>
<ownerDesignName>DiagramaPlataformaAS</ownerDesignName>
<engineerTo>
<item key="FE8032CD-CD5F-FBCB-53A3-EF0B80E05F8B" value="true"/>
</engineerTo>
<sourcePk>69C45662-D23D-AED9-00FF-075327AD54AE</sourcePk>
<identifying>false</identifying>
<nameOnSource>Participan en</nameOnSource>
<nameOnTarget>Constuida por</nameOnTarget>
<optionalSource>true</optionalSource>
<optionalTarget>true</optionalTarget>
<sourceCardinality>*</sourceCardinality>
<sourceEntity>780C613F-4107-0FF9-D74A-5B0E15F2046F</sourceEntity>
<targetCardinalityString>*</targetCardinalityString>
<targetEntity>0D51F2EA-EEB2-CAF3-A979-8357B1B277BA</targetEntity>
<transferable>true</transferable>
<deleteRule>NO ACTION</deleteRule>
</Relation>
