<?xml version = '1.0' encoding = 'UTF-8'?>
<Relation class="oracle.dbtools.crest.model.design.logical.Relation" name="Relation_3" directorySegmentName="seg_0" id="98789F1E-93F3-30DA-92D8-70D435698265">
<createdBy>Antonio</createdBy>
<createdTime>2019-11-03 09:57:29 UTC</createdTime>
<ownerDesignName>DiagramaPlataformaAS</ownerDesignName>
<engineerTo>
<item key="FE8032CD-CD5F-FBCB-53A3-EF0B80E05F8B" value="true"/>
</engineerTo>
<sourcePk>9E242BF6-9214-823D-9A59-2747C5A0240E</sourcePk>
<identifying>true</identifying>
<nameOnSource>Envia</nameOnSource>
<optionalSource>true</optionalSource>
<optionalTarget>false</optionalTarget>
<sourceCardinality>1</sourceCardinality>
<sourceEntity>2DC5F142-DF95-A0F2-4543-0D44D8F683AF</sourceEntity>
<targetCardinalityString>*</targetCardinalityString>
<targetEntity>DF505358-68D4-F358-863F-AE9FD08316F0</targetEntity>
<transferable>true</transferable>
<deleteRule>NO ACTION</deleteRule>
</Relation>