<?xml version = '1.0' encoding = 'UTF-8'?>
<Relation class="oracle.dbtools.crest.model.design.logical.Relation" name="Relation_2" directorySegmentName="seg_0" id="C4D7417B-3AE9-C58A-83C1-28A5C347D73E">
<createdBy>Antonio</createdBy>
<createdTime>2019-11-03 09:57:22 UTC</createdTime>
<ownerDesignName>DiagramaPlataformaAS</ownerDesignName>
<engineerTo>
<item key="FE8032CD-CD5F-FBCB-53A3-EF0B80E05F8B" value="true"/>
</engineerTo>
<sourcePk>69C45662-D23D-AED9-00FF-075327AD54AE</sourcePk>
<identifying>true</identifying>
<nameOnTarget>Recibe</nameOnTarget>
<optionalSource>true</optionalSource>
<optionalTarget>false</optionalTarget>
<sourceCardinality>1</sourceCardinality>
<sourceEntity>7DA69FA1-6597-7C2A-0062-D482861A66AF</sourceEntity>
<targetCardinalityString>*</targetCardinalityString>
<targetEntity>DF505358-68D4-F358-863F-AE9FD08316F0</targetEntity>
<transferable>true</transferable>
<deleteRule>NO ACTION</deleteRule>
</Relation>