<?xml version = '1.0' encoding = 'UTF-8'?>
<Relation class="oracle.dbtools.crest.model.design.logical.Relation" name="Relation_26" directorySegmentName="seg_0" id="D7DCA578-DCD6-DEBE-9A5C-51745BE7D4AA">
<createdBy>pedro</createdBy>
<createdTime>2019-12-04 17:05:37 UTC</createdTime>
<ownerDesignName>DiagramaPlataformaAS</ownerDesignName>
<engineerTo>
<item key="FE8032CD-CD5F-FBCB-53A3-EF0B80E05F8B" value="true"/>
</engineerTo>
<identifying>false</identifying>
<nameOnSource>Coincidencia de matches</nameOnSource>
<nameOnTarget>Coincidencia de matches</nameOnTarget>
<optionalSource>true</optionalSource>
<optionalTarget>true</optionalTarget>
<sourceCardinality>*</sourceCardinality>
<sourceEntity>780C613F-4107-0FF9-D74A-5B0E15F2046F</sourceEntity>
<targetCardinalityString>*</targetCardinalityString>
<targetEntity>0D51F2EA-EEB2-CAF3-A979-8357B1B277BA</targetEntity>
<transferable>true</transferable>
<deleteRule>NO ACTION</deleteRule>
</Relation>