<?xml version = '1.0' encoding = 'UTF-8'?>
<Relation class="oracle.dbtools.crest.model.design.logical.Relation" name="Relation_12" directorySegmentName="seg_0" id="EE0C86EC-E593-1FF8-2B8B-E5835A0C2597">
<createdBy>Antonio</createdBy>
<createdTime>2019-11-03 10:16:10 UTC</createdTime>
<ownerDesignName>DiagramaPlataformaAS</ownerDesignName>
<engineerTo>
<item key="FE8032CD-CD5F-FBCB-53A3-EF0B80E05F8B" value="true"/>
</engineerTo>
<sourcePk>00192ADB-BB0F-B3A2-BF08-ECB270067690</sourcePk>
<identifying>false</identifying>
<nameOnSource>Llevada a cabo por</nameOnSource>
<nameOnTarget>Realiza</nameOnTarget>
<optionalSource>true</optionalSource>
<optionalTarget>false</optionalTarget>
<sourceCardinality>*</sourceCardinality>
<sourceEntity>0D51F2EA-EEB2-CAF3-A979-8357B1B277BA</sourceEntity>
<targetCardinalityString>*</targetCardinalityString>
<targetEntity>2DC5F142-DF95-A0F2-4543-0D44D8F683AF</targetEntity>
<transferable>true</transferable>
<deleteRule>NO ACTION</deleteRule>
</Relation>
