<?xml version = '1.0' encoding = 'UTF-8'?>
<Relation class="oracle.dbtools.crest.model.design.logical.Relation" name="Relation_18" directorySegmentName="seg_0" id="F02D04FA-32FC-0765-D198-243C6600B6A3">
<createdBy>pedro</createdBy>
<createdTime>2019-12-04 16:41:33 UTC</createdTime>
<ownerDesignName>DiagramaPlataformaAS</ownerDesignName>
<engineerTo>
<item key="FE8032CD-CD5F-FBCB-53A3-EF0B80E05F8B" value="true"/>
</engineerTo>
<sourcePk>69C45662-D23D-AED9-00FF-075327AD54AE</sourcePk>
<identifying>true</identifying>
<nameOnSource>Reciben</nameOnSource>
<optionalSource>true</optionalSource>
<optionalTarget>false</optionalTarget>
<sourceCardinality>1</sourceCardinality>
<sourceEntity>7DA69FA1-6597-7C2A-0062-D482861A66AF</sourceEntity>
<targetCardinalityString>*</targetCardinalityString>
<targetEntity>758678A8-A206-ADCF-A456-6D51ADEF1E9E</targetEntity>
<transferable>true</transferable>
<deleteRule>NO ACTION</deleteRule>
</Relation>