<?xml version = '1.0' encoding = 'UTF-8'?>
<relationalModel class="oracle.dbtools.crest.model.design.relational.RelationalDesign" name="Relational_1" id="FE8032CD-CD5F-FBCB-53A3-EF0B80E05F8B" mainViewID="CD9FC203-A802-77B8-0090-9DEEBF3E2B20">
<createdBy>Antonio</createdBy>
<createdTime>2019-11-03 09:45:24 UTC</createdTime>
<ownerDesignName>DiagramaPlataformaAS</ownerDesignName>
<shouldBeOpen>false</shouldBeOpen>
<selectedRDBMSSite>32076570-2523-435C-2E92-BF29817DFF70</selectedRDBMSSite>
</relationalModel>
