<?xml version = '1.0' encoding = 'UTF-8'?>
<Diagram class="oracle.dbtools.crest.swingui.logical.DPVLogical" name="Logical" id="473D02C2-FEAE-9CA5-4D1D-B48BA8E0C14A">
<createdBy>Antonio</createdBy>
<modifiedBy>Antonio</modifiedBy>
<createdTime>2019-11-03 09:45:54 UTC</createdTime>
<autoRoute>false</autoRoute>
<boxInbox>true</boxInbox>
<showLegend>false</showLegend>
<showLabels>true</showLabels>
<showRelAttributes>false</showRelAttributes>
<gridEnabled>true</gridEnabled>
<showGrid>false</showGrid>
<diagramColor>-1</diagramColor>
<display>false</display>
<notation>1</notation>
<objectViews>
<OView class="oracle.dbtools.crest.swingui.logical.TVEntity" oid="0D51F2EA-EEB2-CAF3-A979-8357B1B277BA" otype="Entity" vid="0498F9C9-80E9-B5DD-DF14-CC0E7F596F2D">
<hideElementsInCurrentOnly>false</hideElementsInCurrentOnly>
<bounds x="60" y="480" width="170" height="161"/>
</OView>
<OView class="oracle.dbtools.crest.swingui.logical.TVEntity" oid="2DC5F142-DF95-A0F2-4543-0D44D8F683AF" otype="Entity" vid="F8414C38-2B4E-04A8-BA4A-31F756236C9A">
<hideElementsInCurrentOnly>false</hideElementsInCurrentOnly>
<bounds x="1050" y="540" width="170" height="161"/>
</OView>
<OView class="oracle.dbtools.crest.swingui.logical.TVEntity" oid="758678A8-A206-ADCF-A456-6D51ADEF1E9E" otype="Entity" vid="878BFE9E-9F86-4E19-8244-63316CCB2799">
<hideElementsInCurrentOnly>false</hideElementsInCurrentOnly>
<bounds x="470" y="460" width="170" height="110"/>
</OView>
<OView class="oracle.dbtools.crest.swingui.logical.TVEntity" oid="780C613F-4107-0FF9-D74A-5B0E15F2046F" otype="Entity" vid="15DB892A-E802-3C3C-07F2-799984CA399E">
<hideElementsInCurrentOnly>false</hideElementsInCurrentOnly>
<bounds x="50" y="50" width="166" height="210"/>
</OView>
<OView class="oracle.dbtools.crest.swingui.logical.TVEntity" oid="7DA69FA1-6597-7C2A-0062-D482861A66AF" otype="Entity" vid="F43F3C06-74CD-46D4-E139-CC2D07664CB8">
<hideElementsInCurrentOnly>false</hideElementsInCurrentOnly>
<bounds x="60" y="190" width="111" height="60"/>
</OView>
<OView class="oracle.dbtools.crest.swingui.logical.TVEntity" oid="820BD604-EB28-BB8C-0799-E9EFE3589713" otype="Entity" vid="BA95EA1E-54AE-C709-0C49-966CDB2F08CE">
<hideElementsInCurrentOnly>false</hideElementsInCurrentOnly>
<bounds x="960" y="40" width="170" height="110"/>
</OView>
<OView class="oracle.dbtools.crest.swingui.logical.TVEntity" oid="DF505358-68D4-F358-863F-AE9FD08316F0" otype="Entity" vid="29D909AC-1E5D-9EA6-2C16-52474CCE4E4A">
<hideElementsInCurrentOnly>false</hideElementsInCurrentOnly>
<bounds x="1110" y="180" width="170" height="111"/>
</OView>
</objectViews>
<connectors>
<Connector class="oracle.dbtools.crest.swingui.logical.TVInheritanceRelation" oid="00522D96-EBF9-B379-1B0E-DF1D2D2552D8" otype="Hierarchy relation" vid_source="15DB892A-E802-3C3C-07F2-799984CA399E" vid_target="F43F3C06-74CD-46D4-E139-CC2D07664CB8">
<hideElementsInCurrentOnly>false</hideElementsInCurrentOnly>
<backgroundColor>-65536</backgroundColor>
<lineWidth>1</lineWidth>
</Connector>
<Connector class="oracle.dbtools.crest.swingui.logical.TVRelation" oid="48C7A118-CCD4-0DEA-A0C5-DA1339BA94DD" otype="Relation" vid_source="15DB892A-E802-3C3C-07F2-799984CA399E" vid_target="878BFE9E-9F86-4E19-8244-63316CCB2799">
<hideElementsInCurrentOnly>false</hideElementsInCurrentOnly>
<backgroundColor>-16777216</backgroundColor>
<lineWidth>1</lineWidth>
<sourceLabel class="oracle.dbtools.crest.model.design.Label">
<site>0</site>
<labelBounds x="226" y="100" width="43" height="30"/>
<noBackgroundColor>true</noBackgroundColor>
<noForegroundColor>true</noForegroundColor>
</sourceLabel>
<points>
<point x="216" y="130"/>
<point x="550" y="130"/>
<point x="550" y="460"/>
</points>
</Connector>
<Connector class="oracle.dbtools.crest.swingui.logical.TVRelation" oid="48D6B3D6-FA85-3FA9-CF22-F24CCC5F36F5" otype="Relation" vid_source="0498F9C9-80E9-B5DD-DF14-CC0E7F596F2D" vid_target="878BFE9E-9F86-4E19-8244-63316CCB2799">
<hideElementsInCurrentOnly>false</hideElementsInCurrentOnly>
<backgroundColor>-16777216</backgroundColor>
<lineWidth>1</lineWidth>
<sourceLabel class="oracle.dbtools.crest.model.design.Label">
<site>0</site>
<labelBounds x="240" y="511" width="53" height="30"/>
<noBackgroundColor>true</noBackgroundColor>
<noForegroundColor>true</noForegroundColor>
</sourceLabel>
<points>
<point x="230" y="541"/>
<point x="319" y="541"/>
<point x="470" y="541"/>
</points>
</Connector>
<Connector class="oracle.dbtools.crest.swingui.logical.TVRelation" oid="5857F599-E3E0-7FA6-B54B-1842137C66A5" otype="Relation" vid_source="15DB892A-E802-3C3C-07F2-799984CA399E" vid_target="BA95EA1E-54AE-C709-0C49-966CDB2F08CE">
<hideElementsInCurrentOnly>false</hideElementsInCurrentOnly>
<backgroundColor>-16777216</backgroundColor>
<lineWidth>1</lineWidth>
<sourceLabel class="oracle.dbtools.crest.model.design.Label">
<site>0</site>
<labelBounds x="226" y="55" width="94" height="30"/>
<noBackgroundColor>true</noBackgroundColor>
<noForegroundColor>true</noForegroundColor>
</sourceLabel>
<points>
<point x="216" y="85"/>
<point x="960" y="85"/>
</points>
</Connector>
<Connector class="oracle.dbtools.crest.swingui.logical.TVRelation" oid="5B6D6778-6DE3-AE1C-B279-A14A91DEAFA4" otype="Relation" vid_source="F43F3C06-74CD-46D4-E139-CC2D07664CB8" vid_target="0498F9C9-80E9-B5DD-DF14-CC0E7F596F2D">
<hideElementsInCurrentOnly>false</hideElementsInCurrentOnly>
<backgroundColor>-16777216</backgroundColor>
<lineWidth>1</lineWidth>
<sourceLabel class="oracle.dbtools.crest.model.design.Label">
<site>0</site>
<labelBounds x="181" y="256" width="56" height="20"/>
<noBackgroundColor>true</noBackgroundColor>
<noForegroundColor>true</noForegroundColor>
</sourceLabel>
<targetLabel class="oracle.dbtools.crest.model.design.Label">
<site>2</site>
<labelBounds x="240" y="493" width="74" height="17"/>
<noBackgroundColor>true</noBackgroundColor>
<noForegroundColor>true</noForegroundColor>
</targetLabel>
<points>
<point x="171" y="250"/>
<point x="310" y="250"/>
<point x="310" y="490"/>
<point x="230" y="490"/>
</points>
</Connector>
<Connector class="oracle.dbtools.crest.swingui.logical.TVRelation" oid="6CF0BF1D-0DFE-F44E-C608-D7FD9D74B392" otype="Relation" vid_source="F8414C38-2B4E-04A8-BA4A-31F756236C9A" vid_target="BA95EA1E-54AE-C709-0C49-966CDB2F08CE">
<hideElementsInCurrentOnly>false</hideElementsInCurrentOnly>
<backgroundColor>-16777216</backgroundColor>
<lineWidth>1</lineWidth>
<sourceLabel class="oracle.dbtools.crest.model.design.Label">
<site>0</site>
<labelBounds x="1078" y="504" width="91" height="30"/>
<noBackgroundColor>true</noBackgroundColor>
<noForegroundColor>true</noForegroundColor>
</sourceLabel>
<points>
<point x="1078" y="540"/>
<point x="1078" y="395"/>
<point x="1078" y="150"/>
</points>
</Connector>
<Connector class="oracle.dbtools.crest.swingui.logical.TVRelation" oid="79A7B30F-4080-2562-2732-6A79147B69F7" otype="Relation" vid_source="F8414C38-2B4E-04A8-BA4A-31F756236C9A" vid_target="878BFE9E-9F86-4E19-8244-63316CCB2799">
<hideElementsInCurrentOnly>false</hideElementsInCurrentOnly>
<backgroundColor>-16777216</backgroundColor>
<lineWidth>1</lineWidth>
<sourceLabel class="oracle.dbtools.crest.model.design.Label">
<site>0</site>
<labelBounds x="1001" y="535" width="43" height="20"/>
<noBackgroundColor>true</noBackgroundColor>
<noForegroundColor>true</noForegroundColor>
</sourceLabel>
<points>
<point x="1050" y="555"/>
<point x="640" y="555"/>
</points>
</Connector>
<Connector class="oracle.dbtools.crest.swingui.logical.TVRelation" oid="8B734B97-2E90-4F05-8C32-A54BC90D14B4" otype="Relation" vid_source="15DB892A-E802-3C3C-07F2-799984CA399E" vid_target="0498F9C9-80E9-B5DD-DF14-CC0E7F596F2D">
<hideElementsInCurrentOnly>false</hideElementsInCurrentOnly>
<backgroundColor>-16777216</backgroundColor>
<lineWidth>1</lineWidth>
<sourceLabel class="oracle.dbtools.crest.model.design.Label">
<site>0</site>
<labelBounds x="70" y="312" width="79" height="30"/>
<noBackgroundColor>true</noBackgroundColor>
<noForegroundColor>true</noForegroundColor>
</sourceLabel>
<targetLabel class="oracle.dbtools.crest.model.design.Label">
<site>2</site>
<labelBounds x="70" y="428" width="80" height="30"/>
<noBackgroundColor>true</noBackgroundColor>
<noForegroundColor>true</noForegroundColor>
</targetLabel>
<points>
<point x="70" y="260"/>
<point x="70" y="470"/>
<point x="70" y="480"/>
</points>
</Connector>
<Connector class="oracle.dbtools.crest.swingui.logical.TVRelation" oid="98789F1E-93F3-30DA-92D8-70D435698265" otype="Relation" vid_source="F8414C38-2B4E-04A8-BA4A-31F756236C9A" vid_target="29D909AC-1E5D-9EA6-2C16-52474CCE4E4A">
<hideElementsInCurrentOnly>false</hideElementsInCurrentOnly>
<backgroundColor>-16777216</backgroundColor>
<lineWidth>1</lineWidth>
<sourceLabel class="oracle.dbtools.crest.model.design.Label">
<site>0</site>
<labelBounds x="1165" y="488" width="42" height="30"/>
<noBackgroundColor>true</noBackgroundColor>
<noForegroundColor>true</noForegroundColor>
</sourceLabel>
<points>
<point x="1165" y="540"/>
<point x="1165" y="291"/>
</points>
</Connector>
<Connector class="oracle.dbtools.crest.swingui.logical.TVRelation" oid="C4D7417B-3AE9-C58A-83C1-28A5C347D73E" otype="Relation" vid_source="F43F3C06-74CD-46D4-E139-CC2D07664CB8" vid_target="29D909AC-1E5D-9EA6-2C16-52474CCE4E4A">
<hideElementsInCurrentOnly>false</hideElementsInCurrentOnly>
<backgroundColor>-16777216</backgroundColor>
<lineWidth>1</lineWidth>
<targetLabel class="oracle.dbtools.crest.model.design.Label">
<site>2</site>
<labelBounds x="1210" y="40" width="91" height="30"/>
<noBackgroundColor>true</noBackgroundColor>
<noForegroundColor>true</noForegroundColor>
<targetAboveTheLine>true</targetAboveTheLine>
</targetLabel>
<points>
<point x="60" y="204"/>
<point x="26" y="204"/>
<point x="26" y="24"/>
<point x="462" y="21"/>
<point x="1190" y="20"/>
<point x="1190" y="180"/>
</points>
</Connector>
<Connector class="oracle.dbtools.crest.swingui.logical.TVRelation" oid="D7DCA578-DCD6-DEBE-9A5C-51745BE7D4AA" otype="Relation" vid_source="15DB892A-E802-3C3C-07F2-799984CA399E" vid_target="0498F9C9-80E9-B5DD-DF14-CC0E7F596F2D">
<hideElementsInCurrentOnly>false</hideElementsInCurrentOnly>
<backgroundColor>-16777216</backgroundColor>
<lineWidth>1</lineWidth>
<sourceLabel class="oracle.dbtools.crest.model.design.Label">
<site>0</site>
<labelBounds x="138" y="310" width="132" height="20"/>
<noBackgroundColor>true</noBackgroundColor>
<noForegroundColor>true</noForegroundColor>
</sourceLabel>
<targetLabel class="oracle.dbtools.crest.model.design.Label">
<site>2</site>
<labelBounds x="138" y="430" width="132" height="20"/>
<noBackgroundColor>true</noBackgroundColor>
<noForegroundColor>true</noForegroundColor>
</targetLabel>
<points>
<point x="138" y="260"/>
<point x="138" y="480"/>
</points>
</Connector>
<Connector class="oracle.dbtools.crest.swingui.logical.TVRelation" oid="EE0C86EC-E593-1FF8-2B8B-E5835A0C2597" otype="Relation" vid_source="0498F9C9-80E9-B5DD-DF14-CC0E7F596F2D" vid_target="F8414C38-2B4E-04A8-BA4A-31F756236C9A">
<hideElementsInCurrentOnly>false</hideElementsInCurrentOnly>
<backgroundColor>-16777216</backgroundColor>
<lineWidth>1</lineWidth>
<sourceLabel class="oracle.dbtools.crest.model.design.Label">
<site>0</site>
<labelBounds x="240" y="585" width="102" height="20"/>
<noBackgroundColor>true</noBackgroundColor>
<noForegroundColor>true</noForegroundColor>
</sourceLabel>
<targetLabel class="oracle.dbtools.crest.model.design.Label">
<site>2</site>
<labelBounds x="993" y="608" width="51" height="30"/>
<noBackgroundColor>true</noBackgroundColor>
<noForegroundColor>true</noForegroundColor>
</targetLabel>
<points>
<point x="230" y="605"/>
<point x="1050" y="605"/>
</points>
</Connector>
<Connector class="oracle.dbtools.crest.swingui.logical.TVRelation" oid="F02D04FA-32FC-0765-D198-243C6600B6A3" otype="Relation" vid_source="F43F3C06-74CD-46D4-E139-CC2D07664CB8" vid_target="878BFE9E-9F86-4E19-8244-63316CCB2799">
<hideElementsInCurrentOnly>false</hideElementsInCurrentOnly>
<backgroundColor>-16777216</backgroundColor>
<lineWidth>1</lineWidth>
<sourceLabel class="oracle.dbtools.crest.model.design.Label">
<site>0</site>
<labelBounds x="181" y="220" width="50" height="20"/>
<noBackgroundColor>true</noBackgroundColor>
<noForegroundColor>true</noForegroundColor>
</sourceLabel>
<points>
<point x="171" y="240"/>
<point x="490" y="240"/>
<point x="490" y="460"/>
</points>
</Connector>
</connectors>
<displays>
<Display class="oracle.dbtools.crest.swingui.logical.DPVLogical" name="Display_1" id="2CC93E03-7687-7F4E-FC36-C79946F81DC8">
<createdBy>Antonio</createdBy>
<modifiedBy>Antonio</modifiedBy>
<createdTime>2019-11-03 10:13:02 UTC</createdTime>
<autoRoute>false</autoRoute>
<boxInbox>true</boxInbox>
<showLegend>false</showLegend>
<showLabels>true</showLabels>
<showRelAttributes>false</showRelAttributes>
<gridEnabled>false</gridEnabled>
<showGrid>false</showGrid>
<diagramColor>-1</diagramColor>
<display>true</display>
<notation>1</notation>
<objectViews>
<OView class="oracle.dbtools.crest.swingui.logical.TVEntity" oid="0D51F2EA-EEB2-CAF3-A979-8357B1B277BA" otype="Entity" vid="F4585D4C-696C-BE1A-6302-9B6DCFF8F06B">
<hideElementsInCurrentOnly>false</hideElementsInCurrentOnly>
<bounds x="157" y="665" width="170" height="110"/>
</OView>
<OView class="oracle.dbtools.crest.swingui.logical.TVEntity" oid="2DC5F142-DF95-A0F2-4543-0D44D8F683AF" otype="Entity" vid="E32BDE50-6C4C-3145-D291-945889B2315C">
<hideElementsInCurrentOnly>false</hideElementsInCurrentOnly>
<bounds x="757" y="299" width="170" height="110"/>
</OView>
<OView class="oracle.dbtools.crest.swingui.logical.TVEntity" oid="758678A8-A206-ADCF-A456-6D51ADEF1E9E" otype="Entity" vid="E321BF95-5C8D-D4F4-28A7-3C715BAC4549">
<hideElementsInCurrentOnly>false</hideElementsInCurrentOnly>
<bounds x="150" y="250" width="170" height="110"/>
</OView>
<OView class="oracle.dbtools.crest.swingui.logical.TVEntity" oid="780C613F-4107-0FF9-D74A-5B0E15F2046F" otype="Entity" vid="98671A47-8045-60F8-84BF-E4E6D4D7ABD4">
<hideElementsInCurrentOnly>false</hideElementsInCurrentOnly>
<bounds x="113" y="197" width="166" height="210"/>
</OView>
<OView class="oracle.dbtools.crest.swingui.logical.TVEntity" oid="7DA69FA1-6597-7C2A-0062-D482861A66AF" otype="Entity" vid="5768AA26-C5B9-E322-354A-F25B2AA27392">
<hideElementsInCurrentOnly>false</hideElementsInCurrentOnly>
<bounds x="123" y="307" width="124" height="90"/>
</OView>
<OView class="oracle.dbtools.crest.swingui.logical.TVEntity" oid="820BD604-EB28-BB8C-0799-E9EFE3589713" otype="Entity" vid="3DC207DF-852A-F208-071E-F64EAB0BCCF3">
<hideElementsInCurrentOnly>false</hideElementsInCurrentOnly>
<bounds x="80" y="110" width="170" height="110"/>
</OView>
<OView class="oracle.dbtools.crest.swingui.logical.TVEntity" oid="DF505358-68D4-F358-863F-AE9FD08316F0" otype="Entity" vid="D6B086E4-5F27-04A4-D60E-F9975C083901">
<hideElementsInCurrentOnly>false</hideElementsInCurrentOnly>
<bounds x="410" y="303" width="170" height="73"/>
</OView>
</objectViews>
<connectors>
<Connector class="oracle.dbtools.crest.swingui.logical.TVInheritanceRelation" oid="00522D96-EBF9-B379-1B0E-DF1D2D2552D8" otype="Hierarchy relation" vid_source="98671A47-8045-60F8-84BF-E4E6D4D7ABD4" vid_target="5768AA26-C5B9-E322-354A-F25B2AA27392">
<hideElementsInCurrentOnly>false</hideElementsInCurrentOnly>
<backgroundColor>-65536</backgroundColor>
<lineWidth>1</lineWidth>
</Connector>
<Connector class="oracle.dbtools.crest.swingui.logical.TVRelation" oid="48C7A118-CCD4-0DEA-A0C5-DA1339BA94DD" otype="Relation" vid_source="98671A47-8045-60F8-84BF-E4E6D4D7ABD4" vid_target="E321BF95-5C8D-D4F4-28A7-3C715BAC4549">
<hideElementsInCurrentOnly>false</hideElementsInCurrentOnly>
<backgroundColor>-16777216</backgroundColor>
<lineWidth>1</lineWidth>
</Connector>
<Connector class="oracle.dbtools.crest.swingui.logical.TVRelation" oid="48D6B3D6-FA85-3FA9-CF22-F24CCC5F36F5" otype="Relation" vid_source="F4585D4C-696C-BE1A-6302-9B6DCFF8F06B" vid_target="E321BF95-5C8D-D4F4-28A7-3C715BAC4549">
<hideElementsInCurrentOnly>false</hideElementsInCurrentOnly>
<backgroundColor>-16777216</backgroundColor>
<lineWidth>1</lineWidth>
</Connector>
<Connector class="oracle.dbtools.crest.swingui.logical.TVRelation" oid="5857F599-E3E0-7FA6-B54B-1842137C66A5" otype="Relation" vid_source="98671A47-8045-60F8-84BF-E4E6D4D7ABD4" vid_target="3DC207DF-852A-F208-071E-F64EAB0BCCF3">
<hideElementsInCurrentOnly>false</hideElementsInCurrentOnly>
<backgroundColor>-16777216</backgroundColor>
<lineWidth>1</lineWidth>
</Connector>
<Connector class="oracle.dbtools.crest.swingui.logical.TVRelation" oid="5B6D6778-6DE3-AE1C-B279-A14A91DEAFA4" otype="Relation" vid_source="5768AA26-C5B9-E322-354A-F25B2AA27392" vid_target="F4585D4C-696C-BE1A-6302-9B6DCFF8F06B">
<hideElementsInCurrentOnly>false</hideElementsInCurrentOnly>
<backgroundColor>-16777216</backgroundColor>
<lineWidth>1</lineWidth>
<points>
<point x="202" y="397"/>
<point x="202" y="665"/>
</points>
</Connector>
<Connector class="oracle.dbtools.crest.swingui.logical.TVRelation" oid="6CF0BF1D-0DFE-F44E-C608-D7FD9D74B392" otype="Relation" vid_source="E32BDE50-6C4C-3145-D291-945889B2315C" vid_target="3DC207DF-852A-F208-071E-F64EAB0BCCF3">
<hideElementsInCurrentOnly>false</hideElementsInCurrentOnly>
<backgroundColor>-16777216</backgroundColor>
<lineWidth>1</lineWidth>
</Connector>
<Connector class="oracle.dbtools.crest.swingui.logical.TVRelation" oid="79A7B30F-4080-2562-2732-6A79147B69F7" otype="Relation" vid_source="E32BDE50-6C4C-3145-D291-945889B2315C" vid_target="E321BF95-5C8D-D4F4-28A7-3C715BAC4549">
<hideElementsInCurrentOnly>false</hideElementsInCurrentOnly>
<backgroundColor>-16777216</backgroundColor>
<lineWidth>1</lineWidth>
</Connector>
<Connector class="oracle.dbtools.crest.swingui.logical.TVRelation" oid="8B734B97-2E90-4F05-8C32-A54BC90D14B4" otype="Relation" vid_source="98671A47-8045-60F8-84BF-E4E6D4D7ABD4" vid_target="F4585D4C-696C-BE1A-6302-9B6DCFF8F06B">
<hideElementsInCurrentOnly>false</hideElementsInCurrentOnly>
<backgroundColor>-16777216</backgroundColor>
<lineWidth>1</lineWidth>
<points>
<point x="113" y="324"/>
<point x="48" y="324"/>
<point x="51" y="700"/>
<point x="157" y="700"/>
</points>
</Connector>
<Connector class="oracle.dbtools.crest.swingui.logical.TVRelation" oid="98789F1E-93F3-30DA-92D8-70D435698265" otype="Relation" vid_source="E32BDE50-6C4C-3145-D291-945889B2315C" vid_target="D6B086E4-5F27-04A4-D60E-F9975C083901">
<hideElementsInCurrentOnly>false</hideElementsInCurrentOnly>
<backgroundColor>-16777216</backgroundColor>
<lineWidth>1</lineWidth>
<points>
<point x="757" y="339"/>
<point x="580" y="339"/>
</points>
</Connector>
<Connector class="oracle.dbtools.crest.swingui.logical.TVRelation" oid="C4D7417B-3AE9-C58A-83C1-28A5C347D73E" otype="Relation" vid_source="5768AA26-C5B9-E322-354A-F25B2AA27392" vid_target="D6B086E4-5F27-04A4-D60E-F9975C083901">
<hideElementsInCurrentOnly>false</hideElementsInCurrentOnly>
<backgroundColor>-16777216</backgroundColor>
<lineWidth>1</lineWidth>
<points>
<point x="247" y="341"/>
<point x="410" y="341"/>
</points>
</Connector>
<Connector class="oracle.dbtools.crest.swingui.logical.TVRelation" oid="D7DCA578-DCD6-DEBE-9A5C-51745BE7D4AA" otype="Relation" vid_source="98671A47-8045-60F8-84BF-E4E6D4D7ABD4" vid_target="F4585D4C-696C-BE1A-6302-9B6DCFF8F06B">
<hideElementsInCurrentOnly>false</hideElementsInCurrentOnly>
<backgroundColor>-16777216</backgroundColor>
<lineWidth>1</lineWidth>
</Connector>
<Connector class="oracle.dbtools.crest.swingui.logical.TVRelation" oid="EE0C86EC-E593-1FF8-2B8B-E5835A0C2597" otype="Relation" vid_source="F4585D4C-696C-BE1A-6302-9B6DCFF8F06B" vid_target="E32BDE50-6C4C-3145-D291-945889B2315C">
<hideElementsInCurrentOnly>false</hideElementsInCurrentOnly>
<backgroundColor>-16777216</backgroundColor>
<lineWidth>1</lineWidth>
<points>
<point x="327" y="719"/>
<point x="894" y="719"/>
<point x="894" y="409"/>
</points>
</Connector>
<Connector class="oracle.dbtools.crest.swingui.logical.TVRelation" oid="F02D04FA-32FC-0765-D198-243C6600B6A3" otype="Relation" vid_source="5768AA26-C5B9-E322-354A-F25B2AA27392" vid_target="E321BF95-5C8D-D4F4-28A7-3C715BAC4549">
<hideElementsInCurrentOnly>false</hideElementsInCurrentOnly>
<backgroundColor>-16777216</backgroundColor>
<lineWidth>1</lineWidth>
</Connector>
</connectors>
</Display>
</displays>
</Diagram>