<?xml version = '1.0' encoding = 'UTF-8'?>
<Entity class="oracle.dbtools.crest.model.design.logical.Entity" directorySegmentName="seg_0" id="0D51F2EA-EEB2-CAF3-A979-8357B1B277BA" name="Actividad">
<createdBy>Antonio</createdBy>
<createdTime>2019-11-03 09:58:10 UTC</createdTime>
<ownerDesignName>DiagramaPlataformaAS</ownerDesignName>
<engineerTo>
<item key="FE8032CD-CD5F-FBCB-53A3-EF0B80E05F8B" value="true"/>
</engineerTo>
<adequatelyNormalized>NO</adequatelyNormalized>
<expectedVolumes>0</expectedVolumes>
<fwdEngineeringStrategyName>Single Table</fwdEngineeringStrategyName>
<growthPercent>0</growthPercent>
<growthType>Year</growthType>
<maxVolumes>9999999</maxVolumes>
<minVolumes>0</minVolumes>
<normalForm>Third</normalForm>
<attributes itemClass="oracle.dbtools.crest.model.design.logical.Attribute">
<Attribute name="ID" id="008E6B6B-0DAC-4132-30AA-BCB471E89E1A">
<createdBy>Antonio</createdBy>
<createdTime>2019-11-03 09:59:53 UTC</createdTime>
<ownerDesignName>DiagramaPlataformaAS</ownerDesignName>
<engineerTo>
<item key="FE8032CD-CD5F-FBCB-53A3-EF0B80E05F8B" value="true"/>
</engineerTo>
<useDomainConstraints>false</useDomainConstraints>
<use>1</use>
<logicalDatatype>LOGDT019</logicalDatatype>
<ownDataTypeParameters>,,</ownDataTypeParameters>
</Attribute>
<Attribute name="Descripción" id="36FC6C78-A54C-506A-72FD-FBAB7758703F">
<createdBy>Antonio</createdBy>
<createdTime>2019-11-03 09:58:21 UTC</createdTime>
<ownerDesignName>DiagramaPlataformaAS</ownerDesignName>
<engineerTo>
<item key="FE8032CD-CD5F-FBCB-53A3-EF0B80E05F8B" value="true"/>
</engineerTo>
<useDomainConstraints>false</useDomainConstraints>
<use>1</use>
<logicalDatatype>LOGDT024</logicalDatatype>
<ownDataTypeParameters>,,</ownDataTypeParameters>
</Attribute>
<Attribute name="Reconocimiento" id="27CF9A0C-4C3F-AC79-86E9-085CB797FC56">
<createdBy>Antonio</createdBy>
<createdTime>2019-11-03 09:58:39 UTC</createdTime>
<ownerDesignName>DiagramaPlataformaAS</ownerDesignName>
<engineerTo>
<item key="FE8032CD-CD5F-FBCB-53A3-EF0B80E05F8B" value="true"/>
</engineerTo>
<useDomainConstraints>false</useDomainConstraints>
<use>1</use>
<logicalDatatype>LOGDT024</logicalDatatype>
<ownDataTypeParameters>,,</ownDataTypeParameters>
</Attribute>
<Attribute name="Horario" id="879B1163-1D3C-4765-78EA-4C75C930920A">
<createdBy>Antonio</createdBy>
<createdTime>2019-11-03 09:58:52 UTC</createdTime>
<ownerDesignName>DiagramaPlataformaAS</ownerDesignName>
<engineerTo>
<item key="FE8032CD-CD5F-FBCB-53A3-EF0B80E05F8B" value="true"/>
</engineerTo>
<useDomainConstraints>false</useDomainConstraints>
<use>1</use>
<logicalDatatype>LOGDT024</logicalDatatype>
<ownDataTypeParameters>,,</ownDataTypeParameters>
</Attribute>
<Attribute name="Tipo" id="0063C895-CC98-A4A0-D872-4806357AF5FC">
<createdBy>Antonio</createdBy>
<createdTime>2019-11-03 09:59:04 UTC</createdTime>
<ownerDesignName>DiagramaPlataformaAS</ownerDesignName>
<engineerTo>
<item key="FE8032CD-CD5F-FBCB-53A3-EF0B80E05F8B" value="true"/>
</engineerTo>
<useDomainConstraints>false</useDomainConstraints>
<use>1</use>
<logicalDatatype>LOGDT024</logicalDatatype>
<ownDataTypeParameters>,,</ownDataTypeParameters>
</Attribute>
<Attribute name="Requisitos" id="6D629FF5-D75C-5777-4A4D-002CDEAB4401">
<createdBy>pedro</createdBy>
<createdTime>2019-12-04 17:01:03 UTC</createdTime>
<ownerDesignName>DiagramaPlataformaAS</ownerDesignName>
<engineerTo>
<item key="FE8032CD-CD5F-FBCB-53A3-EF0B80E05F8B" value="true"/>
</engineerTo>
<useDomainConstraints>false</useDomainConstraints>
<use>1</use>
<ownDataTypeParameters>,,</ownDataTypeParameters>
</Attribute>
<Attribute name="Duracción" id="15E053CA-4CA3-C048-CF26-490A17858E70">
<createdBy>pedro</createdBy>
<createdTime>2019-12-04 17:15:52 UTC</createdTime>
<ownerDesignName>DiagramaPlataformaAS</ownerDesignName>
<engineerTo>
<item key="FE8032CD-CD5F-FBCB-53A3-EF0B80E05F8B" value="true"/>
</engineerTo>
<useDomainConstraints>false</useDomainConstraints>
<use>1</use>
<logicalDatatype>LOGDT019</logicalDatatype>
<ownDataTypeParameters>,,</ownDataTypeParameters>
</Attribute>
<Attribute name="Ciudad" id="5E99DF4D-99E1-B12F-419E-2F5E928112EB">
<createdBy>pedro</createdBy>
<createdTime>2019-12-04 17:16:09 UTC</createdTime>
<ownerDesignName>DiagramaPlataformaAS</ownerDesignName>
<engineerTo>
<item key="FE8032CD-CD5F-FBCB-53A3-EF0B80E05F8B" value="true"/>
</engineerTo>
<useDomainConstraints>false</useDomainConstraints>
<use>1</use>
<logicalDatatype>LOGDT024</logicalDatatype>
<ownDataTypeParameters>,,</ownDataTypeParameters>
</Attribute>
<Attribute name="Pais" id="FF92E200-0C12-FA95-560C-7508B22D0A1D">
<createdBy>pedro</createdBy>
<createdTime>2019-12-04 17:16:16 UTC</createdTime>
<ownerDesignName>DiagramaPlataformaAS</ownerDesignName>
<engineerTo>
<item key="FE8032CD-CD5F-FBCB-53A3-EF0B80E05F8B" value="true"/>
</engineerTo>
<useDomainConstraints>false</useDomainConstraints>
<use>1</use>
<logicalDatatype>LOGDT024</logicalDatatype>
<ownDataTypeParameters>,,</ownDataTypeParameters>
</Attribute>
</attributes>
<identifiers itemClass="oracle.dbtools.crest.model.design.logical.CandidateKey">
<identifier id="00192ADB-BB0F-B3A2-BF08-ECB270067690" name="Actividad PK">
<createdBy>Antonio</createdBy>
<createdTime>2019-11-03 10:00:04 UTC</createdTime>
<ownerDesignName>DiagramaPlataformaAS</ownerDesignName>
<engineerTo>
<item key="FE8032CD-CD5F-FBCB-53A3-EF0B80E05F8B" value="true"/>
</engineerTo>
<pk>true</pk>
<usedAttributes>
<attributeRef>008E6B6B-0DAC-4132-30AA-BCB471E89E1A</attributeRef>
</usedAttributes>
</identifier>
</identifiers>
</Entity>