<?xml version = '1.0' encoding = 'UTF-8'?>
<Entity class="oracle.dbtools.crest.model.design.logical.Entity" directorySegmentName="seg_0" id="758678A8-A206-ADCF-A456-6D51ADEF1E9E" name="Informe">
<createdBy>pedro</createdBy>
<createdTime>2019-12-04 16:38:18 UTC</createdTime>
<ownerDesignName>DiagramaPlataformaAS</ownerDesignName>
<engineerTo>
<item key="FE8032CD-CD5F-FBCB-53A3-EF0B80E05F8B" value="true"/>
</engineerTo>
<adequatelyNormalized>NO</adequatelyNormalized>
<expectedVolumes>0</expectedVolumes>
<fwdEngineeringStrategyName>Single Table</fwdEngineeringStrategyName>
<growthPercent>0</growthPercent>
<growthType>Year</growthType>
<maxVolumes>9999999</maxVolumes>
<minVolumes>0</minVolumes>
<normalForm>Third</normalForm>
<attributes itemClass="oracle.dbtools.crest.model.design.logical.Attribute">
<Attribute name="Observaciones" id="6895A561-CD7A-9454-BAE9-966B69EB8387">
<createdBy>pedro</createdBy>
<createdTime>2019-12-04 16:38:26 UTC</createdTime>
<ownerDesignName>DiagramaPlataformaAS</ownerDesignName>
<engineerTo>
<item key="FE8032CD-CD5F-FBCB-53A3-EF0B80E05F8B" value="true"/>
</engineerTo>
<useDomainConstraints>false</useDomainConstraints>
<use>1</use>
<logicalDatatype>LOGDT024</logicalDatatype>
<ownDataTypeParameters>,,</ownDataTypeParameters>
</Attribute>
<Attribute name="Horas" id="6FC3AC96-F169-A728-FEAA-57DDC7688BC6">
<createdBy>pedro</createdBy>
<createdTime>2019-12-04 16:38:39 UTC</createdTime>
<ownerDesignName>DiagramaPlataformaAS</ownerDesignName>
<engineerTo>
<item key="FE8032CD-CD5F-FBCB-53A3-EF0B80E05F8B" value="true"/>
</engineerTo>
<useDomainConstraints>false</useDomainConstraints>
<use>1</use>
<logicalDatatype>LOGDT019</logicalDatatype>
<ownDataTypeParameters>,,</ownDataTypeParameters>
</Attribute>
<Attribute name="CorreoUMA" id="FBB6C75D-6A6E-E7FF-1246-D5B298559A51">
<createdBy>pedro</createdBy>
<createdTime>2019-12-04 16:41:33 UTC</createdTime>
<generatorID>F02D04FA-32FC-0765-D198-243C6600B6A3</generatorID>
<ownerDesignName>DiagramaPlataformaAS</ownerDesignName>
<engineerTo>
<item key="FE8032CD-CD5F-FBCB-53A3-EF0B80E05F8B" value="true"/>
</engineerTo>
<referedAttribute>E92F0DE9-355C-826E-D886-416D63120584</referedAttribute>
<useDomainConstraints>false</useDomainConstraints>
<use>1</use>
<logicalDatatype>LOGDT024</logicalDatatype>
<ownDataTypeParameters>,,</ownDataTypeParameters>
</Attribute>
<Attribute name="Correo" id="327A740F-A82F-422A-0F10-4111F6A3F9D1">
<createdBy>pedro</createdBy>
<createdTime>2019-12-04 16:41:53 UTC</createdTime>
<generatorID>79A7B30F-4080-2562-2732-6A79147B69F7</generatorID>
<ownerDesignName>DiagramaPlataformaAS</ownerDesignName>
<engineerTo>
<item key="FE8032CD-CD5F-FBCB-53A3-EF0B80E05F8B" value="true"/>
</engineerTo>
<referedAttribute>18910A42-0787-D6E9-3C30-EF0566FA40C5</referedAttribute>
<useDomainConstraints>false</useDomainConstraints>
<use>1</use>
<logicalDatatype>LOGDT024</logicalDatatype>
<ownDataTypeParameters>,,</ownDataTypeParameters>
</Attribute>
<Attribute name="ID" id="4BC792FD-F296-E6BC-22F8-7A62586CDD41">
<createdBy>pedro</createdBy>
<createdTime>2019-12-04 16:42:16 UTC</createdTime>
<generatorID>48D6B3D6-FA85-3FA9-CF22-F24CCC5F36F5</generatorID>
<ownerDesignName>DiagramaPlataformaAS</ownerDesignName>
<engineerTo>
<item key="FE8032CD-CD5F-FBCB-53A3-EF0B80E05F8B" value="true"/>
</engineerTo>
<referedAttribute>008E6B6B-0DAC-4132-30AA-BCB471E89E1A</referedAttribute>
<useDomainConstraints>false</useDomainConstraints>
<use>1</use>
<logicalDatatype>LOGDT019</logicalDatatype>
<ownDataTypeParameters>,,</ownDataTypeParameters>
</Attribute>
<Attribute name="CorreoUMA1" id="6B0A1731-01DA-E1AA-57AF-AA8A915237BB">
<createdBy>pedro</createdBy>
<createdTime>2019-12-04 16:46:27 UTC</createdTime>
<generatorID>48C7A118-CCD4-0DEA-A0C5-DA1339BA94DD</generatorID>
<ownerDesignName>DiagramaPlataformaAS</ownerDesignName>
<engineerTo>
<item key="FE8032CD-CD5F-FBCB-53A3-EF0B80E05F8B" value="true"/>
</engineerTo>
<referedAttribute>E92F0DE9-355C-826E-D886-416D63120584</referedAttribute>
<useDomainConstraints>false</useDomainConstraints>
<use>1</use>
<logicalDatatype>LOGDT024</logicalDatatype>
<ownDataTypeParameters>,,</ownDataTypeParameters>
</Attribute>
</attributes>
<identifiers itemClass="oracle.dbtools.crest.model.design.logical.CandidateKey">
<identifier id="08F6B613-C9D2-3387-0B67-D0ABDFFA75E0" name="Informe PK">
<createdBy>pedro</createdBy>
<createdTime>2019-12-04 16:40:05 UTC</createdTime>
<ownerDesignName>DiagramaPlataformaAS</ownerDesignName>
<engineerTo>
<item key="FE8032CD-CD5F-FBCB-53A3-EF0B80E05F8B" value="true"/>
</engineerTo>
<pk>true</pk>
<usedAttributes>
<attributeRef>FBB6C75D-6A6E-E7FF-1246-D5B298559A51</attributeRef>
<attributeRef>327A740F-A82F-422A-0F10-4111F6A3F9D1</attributeRef>
<attributeRef>4BC792FD-F296-E6BC-22F8-7A62586CDD41</attributeRef>
<attributeRef>6B0A1731-01DA-E1AA-57AF-AA8A915237BB</attributeRef>
</usedAttributes>
</identifier>
</identifiers>
</Entity>