<?xml version = '1.0' encoding = 'UTF-8'?>
<Entity class="oracle.dbtools.crest.model.design.logical.Entity" directorySegmentName="seg_0" id="780C613F-4107-0FF9-D74A-5B0E15F2046F" name="USUARIOS">
<createdBy>Antonio</createdBy>
<createdTime>2019-11-03 09:45:54 UTC</createdTime>
<ownerDesignName>DiagramaPlataformaAS</ownerDesignName>
<engineerTo>
<item key="FE8032CD-CD5F-FBCB-53A3-EF0B80E05F8B" value="true"/>
</engineerTo>
<adequatelyNormalized>NO</adequatelyNormalized>
<expectedVolumes>0</expectedVolumes>
<fwdEngineeringStrategyName>Single Table</fwdEngineeringStrategyName>
<growthPercent>0</growthPercent>
<growthType>Year</growthType>
<maxVolumes>9999999</maxVolumes>
<minVolumes>0</minVolumes>
<normalForm>Third</normalForm>
<attributes itemClass="oracle.dbtools.crest.model.design.logical.Attribute">
<Attribute name="CorreoUMA" id="E92F0DE9-355C-826E-D886-416D63120584">
<createdBy>Antonio</createdBy>
<createdTime>2019-11-03 09:48:58 UTC</createdTime>
<ownerDesignName>DiagramaPlataformaAS</ownerDesignName>
<engineerTo>
<item key="FE8032CD-CD5F-FBCB-53A3-EF0B80E05F8B" value="true"/>
</engineerTo>
<useDomainConstraints>false</useDomainConstraints>
<use>1</use>
<logicalDatatype>LOGDT024</logicalDatatype>
<ownDataTypeParameters>,,</ownDataTypeParameters>
</Attribute>
<Attribute name="DNI" id="7E995FD9-C75C-D29A-5ADE-840B1BD6F5FC">
<createdBy>Antonio</createdBy>
<createdTime>2019-11-03 09:48:50 UTC</createdTime>
<ownerDesignName>DiagramaPlataformaAS</ownerDesignName>
<engineerTo>
<item key="FE8032CD-CD5F-FBCB-53A3-EF0B80E05F8B" value="true"/>
</engineerTo>
<useDomainConstraints>false</useDomainConstraints>
<use>1</use>
<logicalDatatype>LOGDT019</logicalDatatype>
<ownDataTypeParameters>,,</ownDataTypeParameters>
</Attribute>
<Attribute name="Nombre" id="D45E81B5-F7BC-0661-7611-BC581D1AAD35">
<createdBy>Antonio</createdBy>
<createdTime>2019-11-03 09:46:04 UTC</createdTime>
<ownerDesignName>DiagramaPlataformaAS</ownerDesignName>
<engineerTo>
<item key="FE8032CD-CD5F-FBCB-53A3-EF0B80E05F8B" value="true"/>
</engineerTo>
<useDomainConstraints>false</useDomainConstraints>
<use>1</use>
<logicalDatatype>LOGDT024</logicalDatatype>
<ownDataTypeParameters>,,</ownDataTypeParameters>
</Attribute>
<Attribute name="Formación" id="058DE31B-EC95-83E4-3A68-830BAE79F9AF">
<createdBy>Antonio</createdBy>
<createdTime>2019-11-03 09:47:15 UTC</createdTime>
<ownerDesignName>DiagramaPlataformaAS</ownerDesignName>
<engineerTo>
<item key="FE8032CD-CD5F-FBCB-53A3-EF0B80E05F8B" value="true"/>
</engineerTo>
<useDomainConstraints>false</useDomainConstraints>
<use>1</use>
<logicalDatatype>LOGDT024</logicalDatatype>
<ownDataTypeParameters>,,</ownDataTypeParameters>
</Attribute>
<Attribute name="Experiencia en voluntariado" id="E8E999A1-1DEF-12A1-5646-99703D0489E2">
<createdBy>Antonio</createdBy>
<createdTime>2019-11-03 09:47:27 UTC</createdTime>
<ownerDesignName>DiagramaPlataformaAS</ownerDesignName>
<engineerTo>
<item key="FE8032CD-CD5F-FBCB-53A3-EF0B80E05F8B" value="true"/>
</engineerTo>
<useDomainConstraints>false</useDomainConstraints>
<use>1</use>
<logicalDatatype>LOGDT024</logicalDatatype>
<ownDataTypeParameters>,,</ownDataTypeParameters>
</Attribute>
<Attribute name="Disponibilidad" id="2280456C-F3D5-B12F-D72C-55BB58AFCA4C">
<createdBy>Antonio</createdBy>
<createdTime>2019-11-03 09:48:30 UTC</createdTime>
<ownerDesignName>DiagramaPlataformaAS</ownerDesignName>
<engineerTo>
<item key="FE8032CD-CD5F-FBCB-53A3-EF0B80E05F8B" value="true"/>
</engineerTo>
<useDomainConstraints>false</useDomainConstraints>
<use>1</use>
<logicalDatatype>LOGDT024</logicalDatatype>
<ownDataTypeParameters>,,</ownDataTypeParameters>
</Attribute>
<Attribute name="Idioma" id="58D14DC9-589F-AA76-312B-671B4E1D0947">
<createdBy>pedro</createdBy>
<createdTime>2019-12-04 16:52:59 UTC</createdTime>
<ownerDesignName>DiagramaPlataformaAS</ownerDesignName>
<engineerTo>
<item key="FE8032CD-CD5F-FBCB-53A3-EF0B80E05F8B" value="true"/>
</engineerTo>
<useDomainConstraints>false</useDomainConstraints>
<use>1</use>
<logicalDatatype>LOGDT024</logicalDatatype>
<ownDataTypeParameters>,,</ownDataTypeParameters>
</Attribute>
<Attribute name="Cualidades" id="2B66DF88-1F56-D46E-65A0-3DBEF98978AC">
<createdBy>pedro</createdBy>
<createdTime>2019-12-04 17:00:38 UTC</createdTime>
<ownerDesignName>DiagramaPlataformaAS</ownerDesignName>
<engineerTo>
<item key="FE8032CD-CD5F-FBCB-53A3-EF0B80E05F8B" value="true"/>
</engineerTo>
<useDomainConstraints>false</useDomainConstraints>
<use>1</use>
<logicalDatatype>LOGDT024</logicalDatatype>
<ownDataTypeParameters>,,</ownDataTypeParameters>
</Attribute>
</attributes>
<identifiers itemClass="oracle.dbtools.crest.model.design.logical.CandidateKey">
<identifier id="69C45662-D23D-AED9-00FF-075327AD54AE" name="USUARIOS PK">
<createdBy>Antonio</createdBy>
<createdTime>2019-11-03 09:50:09 UTC</createdTime>
<ownerDesignName>DiagramaPlataformaAS</ownerDesignName>
<engineerTo>
<item key="FE8032CD-CD5F-FBCB-53A3-EF0B80E05F8B" value="true"/>
</engineerTo>
<pk>true</pk>
<usedAttributes>
<attributeRef>E92F0DE9-355C-826E-D886-416D63120584</attributeRef>
</usedAttributes>
</identifier>
<identifier id="AB057F66-0E10-7FAD-1F56-FFCDAECD055E" name="Key_2">
<createdBy>Antonio</createdBy>
<createdTime>2019-11-03 09:50:35 UTC</createdTime>
<ownerDesignName>DiagramaPlataformaAS</ownerDesignName>
<engineerTo>
<item key="FE8032CD-CD5F-FBCB-53A3-EF0B80E05F8B" value="true"/>
</engineerTo>
<newElementsIDs>7E995FD9-C75C-D29A-5ADE-840B1BD6F5FC</newElementsIDs>
<usedAttributes>
<attributeRef>7E995FD9-C75C-D29A-5ADE-840B1BD6F5FC</attributeRef>
</usedAttributes>
</identifier>
</identifiers>
</Entity>