<?xml version = '1.0' encoding = 'UTF-8'?>
<Entity class="oracle.dbtools.crest.model.design.logical.Entity" directorySegmentName="seg_0" id="7DA69FA1-6597-7C2A-0062-D482861A66AF" name="Profesores">
<createdBy>Antonio</createdBy>
<createdTime>2019-11-03 09:50:47 UTC</createdTime>
<ownerDesignName>DiagramaPlataformaAS</ownerDesignName>
<engineerTo>
<item key="FE8032CD-CD5F-FBCB-53A3-EF0B80E05F8B" value="true"/>
</engineerTo>
<adequatelyNormalized>NO</adequatelyNormalized>
<expectedVolumes>0</expectedVolumes>
<fwdEngineeringStrategyName>Single Table</fwdEngineeringStrategyName>
<growthPercent>0</growthPercent>
<growthType>Year</growthType>
<hierarchicalParent>780C613F-4107-0FF9-D74A-5B0E15F2046F</hierarchicalParent>
<maxVolumes>9999999</maxVolumes>
<minVolumes>0</minVolumes>
<normalForm>Third</normalForm>
<attributes itemClass="oracle.dbtools.crest.model.design.logical.Attribute">
<Attribute name="Departamento" id="6FB7B170-7709-B6C3-B46C-A27613E2D358">
<createdBy>Antonio</createdBy>
<createdTime>2019-11-03 09:50:55 UTC</createdTime>
<ownerDesignName>DiagramaPlataformaAS</ownerDesignName>
<engineerTo>
<item key="FE8032CD-CD5F-FBCB-53A3-EF0B80E05F8B" value="true"/>
</engineerTo>
<useDomainConstraints>false</useDomainConstraints>
<use>1</use>
<logicalDatatype>LOGDT024</logicalDatatype>
<ownDataTypeParameters>,,</ownDataTypeParameters>
</Attribute>
<Attribute name="Profesión" id="F7755862-EFAB-8875-64E0-F1F6293A0D4A">
<createdBy>Antonio</createdBy>
<createdTime>2019-11-03 09:52:22 UTC</createdTime>
<ownerDesignName>DiagramaPlataformaAS</ownerDesignName>
<engineerTo>
<item key="FE8032CD-CD5F-FBCB-53A3-EF0B80E05F8B" value="true"/>
</engineerTo>
<useDomainConstraints>false</useDomainConstraints>
<use>1</use>
<logicalDatatype>LOGDT024</logicalDatatype>
<ownDataTypeParameters>,,</ownDataTypeParameters>
</Attribute>
<Attribute name="Despacho" id="DAE9307A-3471-99CF-D38F-596759A45544">
<createdBy>pedro</createdBy>
<createdTime>2019-12-04 16:58:00 UTC</createdTime>
<ownerDesignName>DiagramaPlataformaAS</ownerDesignName>
<engineerTo>
<item key="FE8032CD-CD5F-FBCB-53A3-EF0B80E05F8B" value="true"/>
</engineerTo>
<nullsAllowed>true</nullsAllowed>
<useDomainConstraints>false</useDomainConstraints>
<use>1</use>
<logicalDatatype>LOGDT019</logicalDatatype>
<ownDataTypeParameters>,,</ownDataTypeParameters>
</Attribute>
</attributes>
</Entity>