<?xml version = '1.0' encoding = 'UTF-8'?>
<Entity class="oracle.dbtools.crest.model.design.logical.Entity" directorySegmentName="seg_0" id="820BD604-EB28-BB8C-0799-E9EFE3589713" name="MENSAJE">
<createdBy>pedro</createdBy>
<createdTime>2019-12-04 16:13:37 UTC</createdTime>
<ownerDesignName>DiagramaPlataformaAS</ownerDesignName>
<engineerTo>
<item key="FE8032CD-CD5F-FBCB-53A3-EF0B80E05F8B" value="true"/>
</engineerTo>
<adequatelyNormalized>NO</adequatelyNormalized>
<expectedVolumes>0</expectedVolumes>
<fwdEngineeringStrategyName>Single Table</fwdEngineeringStrategyName>
<growthPercent>0</growthPercent>
<growthType>Year</growthType>
<maxVolumes>9999999</maxVolumes>
<minVolumes>0</minVolumes>
<normalForm>Third</normalForm>
<attributes itemClass="oracle.dbtools.crest.model.design.logical.Attribute">
<Attribute name="Contenido" id="EE05FD56-7B01-24EF-4855-D64423272884">
<createdBy>pedro</createdBy>
<createdTime>2019-12-04 16:13:45 UTC</createdTime>
<ownerDesignName>DiagramaPlataformaAS</ownerDesignName>
<engineerTo>
<item key="FE8032CD-CD5F-FBCB-53A3-EF0B80E05F8B" value="true"/>
</engineerTo>
<useDomainConstraints>false</useDomainConstraints>
<use>1</use>
<logicalDatatype>LOGDT024</logicalDatatype>
<dataTypeSize>140</dataTypeSize>
<ownDataTypeParameters>140,,</ownDataTypeParameters>
</Attribute>
<Attribute name="Fecha_envio" id="75A8F3E7-3748-B802-0468-0AC515E359AB">
<createdBy>pedro</createdBy>
<createdTime>2019-12-04 16:14:40 UTC</createdTime>
<ownerDesignName>DiagramaPlataformaAS</ownerDesignName>
<engineerTo>
<item key="FE8032CD-CD5F-FBCB-53A3-EF0B80E05F8B" value="true"/>
</engineerTo>
<useDomainConstraints>false</useDomainConstraints>
<use>1</use>
<logicalDatatype>LOGDT008</logicalDatatype>
<ownDataTypeParameters>,,</ownDataTypeParameters>
</Attribute>
<Attribute name="CorreoUMA" id="EA09DED3-D18D-6AB9-1A67-114383C0E658">
<createdBy>pedro</createdBy>
<createdTime>2019-12-04 16:57:20 UTC</createdTime>
<generatorID>5857F599-E3E0-7FA6-B54B-1842137C66A5</generatorID>
<ownerDesignName>DiagramaPlataformaAS</ownerDesignName>
<engineerTo>
<item key="FE8032CD-CD5F-FBCB-53A3-EF0B80E05F8B" value="true"/>
</engineerTo>
<referedAttribute>E92F0DE9-355C-826E-D886-416D63120584</referedAttribute>
<useDomainConstraints>false</useDomainConstraints>
<use>1</use>
<logicalDatatype>LOGDT024</logicalDatatype>
<ownDataTypeParameters>,,</ownDataTypeParameters>
</Attribute>
<Attribute name="Correo" id="555F2B69-85CB-EA53-577E-65BE3FD9341D">
<createdBy>pedro</createdBy>
<createdTime>2019-12-04 16:57:41 UTC</createdTime>
<generatorID>6CF0BF1D-0DFE-F44E-C608-D7FD9D74B392</generatorID>
<ownerDesignName>DiagramaPlataformaAS</ownerDesignName>
<engineerTo>
<item key="FE8032CD-CD5F-FBCB-53A3-EF0B80E05F8B" value="true"/>
</engineerTo>
<referedAttribute>18910A42-0787-D6E9-3C30-EF0566FA40C5</referedAttribute>
<useDomainConstraints>false</useDomainConstraints>
<use>1</use>
<logicalDatatype>LOGDT024</logicalDatatype>
<ownDataTypeParameters>,,</ownDataTypeParameters>
</Attribute>
</attributes>
<identifiers itemClass="oracle.dbtools.crest.model.design.logical.CandidateKey">
<identifier id="A4044B84-B4CA-022B-731C-CD708985B83B" name="CHAT PK">
<createdBy>pedro</createdBy>
<createdTime>2019-12-04 16:15:49 UTC</createdTime>
<ownerDesignName>DiagramaPlataformaAS</ownerDesignName>
<engineerTo>
<item key="FE8032CD-CD5F-FBCB-53A3-EF0B80E05F8B" value="true"/>
</engineerTo>
<pk>true</pk>
<usedAttributes>
<attributeRef>EA09DED3-D18D-6AB9-1A67-114383C0E658</attributeRef>
<attributeRef>555F2B69-85CB-EA53-577E-65BE3FD9341D</attributeRef>
</usedAttributes>
</identifier>
</identifiers>
</Entity>