<?xml version = '1.0' encoding = 'UTF-8'?>
<Entity class="oracle.dbtools.crest.model.design.logical.Entity" directorySegmentName="seg_0" id="DF505358-68D4-F358-863F-AE9FD08316F0" name="Solicitud">
<createdBy>Antonio</createdBy>
<createdTime>2019-11-03 09:56:01 UTC</createdTime>
<ownerDesignName>DiagramaPlataformaAS</ownerDesignName>
<engineerTo>
<item key="FE8032CD-CD5F-FBCB-53A3-EF0B80E05F8B" value="true"/>
</engineerTo>
<adequatelyNormalized>NO</adequatelyNormalized>
<expectedVolumes>0</expectedVolumes>
<fwdEngineeringStrategyName>Single Table</fwdEngineeringStrategyName>
<growthPercent>0</growthPercent>
<growthType>Year</growthType>
<maxVolumes>9999999</maxVolumes>
<minVolumes>0</minVolumes>
<normalForm>Third</normalForm>
<attributes itemClass="oracle.dbtools.crest.model.design.logical.Attribute">
<Attribute name="Descripción" id="AC5A735E-EB9F-C8EC-1741-F4EF2DBC142B">
<createdBy>Antonio</createdBy>
<createdTime>2019-11-03 09:56:14 UTC</createdTime>
<ownerDesignName>DiagramaPlataformaAS</ownerDesignName>
<engineerTo>
<item key="FE8032CD-CD5F-FBCB-53A3-EF0B80E05F8B" value="true"/>
</engineerTo>
<useDomainConstraints>false</useDomainConstraints>
<use>1</use>
<logicalDatatype>LOGDT024</logicalDatatype>
<ownDataTypeParameters>,,</ownDataTypeParameters>
</Attribute>
<Attribute name="Numero_Usuarios" id="9FD7435B-EC81-670C-B751-5F6D6553F620">
<createdBy>Antonio</createdBy>
<createdTime>2019-11-03 09:56:33 UTC</createdTime>
<ownerDesignName>DiagramaPlataformaAS</ownerDesignName>
<engineerTo>
<item key="FE8032CD-CD5F-FBCB-53A3-EF0B80E05F8B" value="true"/>
</engineerTo>
<useDomainConstraints>false</useDomainConstraints>
<use>1</use>
<logicalDatatype>LOGDT019</logicalDatatype>
<ownDataTypeParameters>,,</ownDataTypeParameters>
</Attribute>
<Attribute name="Fecha" id="B26DE852-0897-9059-6ED3-B75D098D02AC">
<createdBy>Antonio</createdBy>
<createdTime>2019-11-03 09:56:47 UTC</createdTime>
<ownerDesignName>DiagramaPlataformaAS</ownerDesignName>
<engineerTo>
<item key="FE8032CD-CD5F-FBCB-53A3-EF0B80E05F8B" value="true"/>
</engineerTo>
<useDomainConstraints>false</useDomainConstraints>
<use>1</use>
<logicalDatatype>LOGDT008</logicalDatatype>
<ownDataTypeParameters>,,</ownDataTypeParameters>
</Attribute>
<Attribute name="CorreoUMA" id="D706874C-D4B7-D6B0-4EC6-3ED5B27490BD">
<createdBy>Antonio</createdBy>
<createdTime>2019-11-03 09:57:22 UTC</createdTime>
<generatorID>C4D7417B-3AE9-C58A-83C1-28A5C347D73E</generatorID>
<ownerDesignName>DiagramaPlataformaAS</ownerDesignName>
<engineerTo>
<item key="FE8032CD-CD5F-FBCB-53A3-EF0B80E05F8B" value="true"/>
</engineerTo>
<referedAttribute>E92F0DE9-355C-826E-D886-416D63120584</referedAttribute>
<useDomainConstraints>false</useDomainConstraints>
<use>1</use>
<logicalDatatype>LOGDT024</logicalDatatype>
<ownDataTypeParameters>,,</ownDataTypeParameters>
</Attribute>
<Attribute name="Correo" id="66EE3D72-DC12-B0F5-7342-0F5B46B7EFDF">
<createdBy>Antonio</createdBy>
<createdTime>2019-11-03 09:57:29 UTC</createdTime>
<generatorID>98789F1E-93F3-30DA-92D8-70D435698265</generatorID>
<ownerDesignName>DiagramaPlataformaAS</ownerDesignName>
<engineerTo>
<item key="FE8032CD-CD5F-FBCB-53A3-EF0B80E05F8B" value="true"/>
</engineerTo>
<referedAttribute>18910A42-0787-D6E9-3C30-EF0566FA40C5</referedAttribute>
<useDomainConstraints>false</useDomainConstraints>
<use>1</use>
<logicalDatatype>LOGDT024</logicalDatatype>
<ownDataTypeParameters>,,</ownDataTypeParameters>
</Attribute>
<Attribute name="Pais" id="84D13C95-1997-5D06-6CF3-D1C547DCA038">
<createdBy>pedro</createdBy>
<createdTime>2019-12-04 17:14:52 UTC</createdTime>
<ownerDesignName>DiagramaPlataformaAS</ownerDesignName>
<engineerTo>
<item key="FE8032CD-CD5F-FBCB-53A3-EF0B80E05F8B" value="true"/>
</engineerTo>
<useDomainConstraints>false</useDomainConstraints>
<use>1</use>
<logicalDatatype>LOGDT024</logicalDatatype>
<ownDataTypeParameters>,,</ownDataTypeParameters>
</Attribute>
<Attribute name="Ciudad" id="ECFFFA12-6D52-A602-9A0D-5CEA907FC12C">
<createdBy>pedro</createdBy>
<createdTime>2019-12-04 17:15:08 UTC</createdTime>
<ownerDesignName>DiagramaPlataformaAS</ownerDesignName>
<engineerTo>
<item key="FE8032CD-CD5F-FBCB-53A3-EF0B80E05F8B" value="true"/>
</engineerTo>
<useDomainConstraints>false</useDomainConstraints>
<use>1</use>
<logicalDatatype>LOGDT024</logicalDatatype>
<ownDataTypeParameters>,,</ownDataTypeParameters>
</Attribute>
<Attribute name="Duracción" id="7DBFC146-F5F8-2C3C-487E-1FA4E17E65A9">
<createdBy>pedro</createdBy>
<createdTime>2019-12-04 17:15:23 UTC</createdTime>
<ownerDesignName>DiagramaPlataformaAS</ownerDesignName>
<engineerTo>
<item key="FE8032CD-CD5F-FBCB-53A3-EF0B80E05F8B" value="true"/>
</engineerTo>
<useDomainConstraints>false</useDomainConstraints>
<use>1</use>
<ownDataTypeParameters>,,</ownDataTypeParameters>
</Attribute>
</attributes>
<identifiers itemClass="oracle.dbtools.crest.model.design.logical.CandidateKey">
<identifier id="A0A4BF92-6C2B-7F76-A0EF-E2FD6CF7A1AC" name="Solicitud PK">
<createdBy>Antonio</createdBy>
<createdTime>2019-11-03 09:57:22 UTC</createdTime>
<ownerDesignName>DiagramaPlataformaAS</ownerDesignName>
<engineerTo>
<item key="FE8032CD-CD5F-FBCB-53A3-EF0B80E05F8B" value="true"/>
</engineerTo>
<pk>true</pk>
<usedAttributes>
<attributeRef>D706874C-D4B7-D6B0-4EC6-3ED5B27490BD</attributeRef>
<attributeRef>66EE3D72-DC12-B0F5-7342-0F5B46B7EFDF</attributeRef>
</usedAttributes>
</identifier>
</identifiers>
</Entity>